{"cameraMode":{"drawMode":0,"name":"Shaded","section":"Shading Mode"},"sceneLighting":true,"audioPlay":false,"sceneViewState":{"showFog":true,"showMaterialUpdate":false,"showSkybox":true,"showFlares":true,"showImageEffects":true,"showParticleSystems":true},"in2DMode":false,"pivot":{"x":0.2507234811782837,"y":1.1095805168151856,"z":-1.183866024017334},"rotation":{"x":-0.20147842168807984,"y":0.7248392701148987,"z":-0.23762597143650056,"w":-0.6144864559173584},"size":8.458996772766114,"orthographic":false}