{"cameraMode":{"drawMode":0,"name":"Shaded","section":"Shading Mode"},"sceneLighting":true,"audioPlay":false,"sceneViewState":{"showFog":true,"showMaterialUpdate":false,"showSkybox":true,"showFlares":true,"showImageEffects":true,"showParticleSystems":true},"in2DMode":false,"pivot":{"x":19.491701126098634,"y":2.2074384689331056,"z":17.127342224121095},"rotation":{"x":-0.11255975067615509,"y":0.014320212416350842,"z":-0.0016219252720475197,"w":-0.993546724319458},"size":3.019057273864746,"orthographic":false}