{"cameraMode":{"drawMode":0,"name":"Shaded","section":"Shading Mode"},"sceneLighting":false,"audioPlay":false,"sceneViewState":{"showFog":true,"showMaterialUpdate":false,"showSkybox":false,"showFlares":true,"showImageEffects":true,"showParticleSystems":true},"in2DMode":false,"pivot":{"x":2.8529763221740724,"y":-0.5025210380554199,"z":8.0333251953125},"rotation":{"x":0.17916786670684815,"y":0.3770425021648407,"z":-0.07459035515785217,"w":0.9056477546691895},"size":31.51986312866211,"orthographic":false}