{"cameraMode":{"drawMode":0,"name":"Shaded","section":"Shading Mode"},"sceneLighting":false,"audioPlay":false,"sceneViewState":{"showFog":true,"showMaterialUpdate":false,"showSkybox":false,"showFlares":true,"showImageEffects":true,"showParticleSystems":true},"in2DMode":false,"pivot":{"x":-29.23879623413086,"y":-27.68869400024414,"z":20.297348022460939},"rotation":{"x":-0.3272863030433655,"y":0.46216192841529848,"z":-0.1885220855474472,"w":-0.8023427128791809},"size":36.60063934326172,"orthographic":false}