{"cameraMode":{"drawMode":0,"name":"Shaded","section":"Shading Mode"},"sceneLighting":false,"audioPlay":false,"sceneViewState":{"showFog":true,"showMaterialUpdate":false,"showSkybox":false,"showFlares":true,"showImageEffects":true,"showParticleSystems":true},"in2DMode":false,"pivot":{"x":-0.8445518016815186,"y":1.5134124755859376,"z":6.2261457443237309},"rotation":{"x":0.11269126832485199,"y":0.8792117834091187,"z":-0.2668808698654175,"w":0.37829840183258059},"size":2.025609254837036,"orthographic":false}