{"cameraMode":{"drawMode":0,"name":"Shaded","section":"Shading Mode"},"sceneLighting":true,"audioPlay":false,"sceneViewState":{"showFog":true,"showMaterialUpdate":false,"showSkybox":true,"showFlares":true,"showImageEffects":true,"showParticleSystems":true},"in2DMode":false,"pivot":{"x":31.787790298461915,"y":17.43175506591797,"z":18.037172317504884},"rotation":{"x":0.013233560137450695,"y":-0.8014312982559204,"z":0.5977068543434143,"w":0.01777591183781624},"size":32.9889030456543,"orthographic":false}