{"cameraMode":{"drawMode":0,"name":"Shaded","section":"Shading Mode"},"sceneLighting":true,"audioPlay":false,"sceneViewState":{"showFog":true,"showMaterialUpdate":false,"showSkybox":true,"showFlares":true,"showImageEffects":true,"showParticleSystems":true},"in2DMode":false,"pivot":{"x":0.552607536315918,"y":1.7159466743469239,"z":-1.509537696838379},"rotation":{"x":-0.05923280119895935,"y":0.9305047392845154,"z":-0.1739511489868164,"w":-0.3168497085571289},"size":5.407167434692383,"orthographic":false}