{"cameraMode":{"drawMode":0,"name":"Shaded","section":"Shading Mode"},"sceneLighting":true,"audioPlay":false,"sceneViewState":{"showFog":true,"showMaterialUpdate":false,"showSkybox":true,"showFlares":true,"showImageEffects":true,"showParticleSystems":true},"in2DMode":false,"pivot":{"x":4.668688774108887,"y":-0.28905296325683596,"z":-8.399182319641114},"rotation":{"x":0.23045384883880616,"y":0.7520297765731812,"z":-0.3334161341190338,"w":0.5198073387145996},"size":10.950112342834473,"orthographic":false}