{"cameraMode":{"drawMode":0,"name":"Shaded","section":"Shading Mode"},"sceneLighting":false,"audioPlay":false,"sceneViewState":{"showFog":true,"showMaterialUpdate":false,"showSkybox":false,"showFlares":true,"showImageEffects":true,"showParticleSystems":true},"in2DMode":false,"pivot":{"x":44.45470428466797,"y":-38.660186767578128,"z":15.672798156738282},"rotation":{"x":-0.3225000500679016,"y":-0.6772601008415222,"z":0.4562218487262726,"w":-0.47874993085861208},"size":243.35562133789063,"orthographic":false}