{"cameraMode":{"drawMode":0,"name":"Shaded","section":"Shading Mode"},"sceneLighting":false,"audioPlay":false,"sceneViewState":{"showFog":true,"showMaterialUpdate":false,"showSkybox":false,"showFlares":true,"showImageEffects":true,"showParticleSystems":true},"in2DMode":false,"pivot":{"x":2.174318552017212,"y":2.6184604167938234,"z":10.191574096679688},"rotation":{"x":-0.09283868968486786,"y":-0.08443211764097214,"z":0.00790123175829649,"w":-0.9920638799667358},"size":11.109825134277344,"orthographic":false}