{"cameraMode":{"drawMode":0,"name":"Shaded","section":"Shading Mode"},"sceneLighting":true,"audioPlay":false,"sceneViewState":{"showFog":true,"showMaterialUpdate":false,"showSkybox":false,"showFlares":true,"showImageEffects":true,"showParticleSystems":true},"in2DMode":false,"pivot":{"x":-7.717075347900391,"y":1.4977073669433594,"z":-5.829566955566406},"rotation":{"x":-0.08691135048866272,"y":0.9130885601043701,"z":-0.28126099705696108,"w":-0.28215059638023379},"size":69.25431823730469,"orthographic":false}