{"cameraMode":{"drawMode":0,"name":"Shaded","section":"Shading Mode"},"sceneLighting":true,"audioPlay":false,"sceneViewState":{"showFog":true,"showMaterialUpdate":false,"showSkybox":true,"showFlares":true,"showImageEffects":true,"showParticleSystems":true},"in2DMode":false,"pivot":{"x":15.03042221069336,"y":10.800308227539063,"z":-4.9076642990112309},"rotation":{"x":-0.1847151219844818,"y":-0.7461296319961548,"z":0.23105774819850923,"w":-0.5964781641960144},"size":37.24540710449219,"orthographic":false}