{"cameraMode":{"drawMode":0,"name":"Shaded","section":"Shading Mode"},"sceneLighting":true,"audioPlay":false,"sceneViewState":{"showFog":true,"showMaterialUpdate":false,"showSkybox":true,"showFlares":true,"showImageEffects":true,"showParticleSystems":true},"in2DMode":false,"pivot":{"x":79.739990234375,"y":6.4981689453125,"z":79.30000305175781},"rotation":{"x":-0.18785865604877473,"y":0.8106379508972168,"z":-0.3637692928314209,"w":-0.41863110661506655},"size":142.06407165527345,"orthographic":false}