{"cameraMode":{"drawMode":0,"name":"Shaded","section":"Shading Mode"},"sceneLighting":false,"audioPlay":false,"sceneViewState":{"showFog":true,"showMaterialUpdate":false,"showSkybox":false,"showFlares":true,"showImageEffects":true,"showParticleSystems":true},"in2DMode":false,"pivot":{"x":100.61451721191406,"y":315.5007019042969,"z":-48.37428665161133},"rotation":{"x":-0.07429656386375427,"y":-0.9114747047424316,"z":0.35752809047698977,"w":-0.18941350281238557},"size":2.8284270763397219,"orthographic":false}