{"cameraMode":{"drawMode":0,"name":"Shaded","section":"Shading Mode"},"sceneLighting":false,"audioPlay":false,"sceneViewState":{"showFog":true,"showMaterialUpdate":false,"showSkybox":false,"showFlares":true,"showImageEffects":true,"showParticleSystems":true},"in2DMode":false,"pivot":{"x":-2.651298761367798,"y":5.287589073181152,"z":4.483163833618164},"rotation":{"x":0.2296181619167328,"y":0.7030738592147827,"z":-0.26009806990623476,"w":0.6207743883132935},"size":2.1957499980926515,"orthographic":false}