{"cameraMode":{"drawMode":0,"name":"Shaded","section":"Shading Mode"},"sceneLighting":true,"audioPlay":false,"sceneViewState":{"showFog":true,"showMaterialUpdate":false,"showSkybox":true,"showFlares":true,"showImageEffects":true,"showParticleSystems":true},"in2DMode":false,"pivot":{"x":54.18470001220703,"y":9.790792465209961,"z":48.468467712402347},"rotation":{"x":-0.3166944980621338,"y":-0.2112855613231659,"z":0.07471464574337006,"w":-0.9217349886894226},"size":18.906320571899415,"orthographic":false}