{"cameraMode":{"drawMode":0,"name":"Shaded","section":"Shading Mode"},"sceneLighting":false,"audioPlay":false,"sceneViewState":{"showFog":true,"showMaterialUpdate":false,"showSkybox":false,"showFlares":true,"showImageEffects":true,"showParticleSystems":true},"in2DMode":false,"pivot":{"x":-0.00423121452331543,"y":0.5492610931396484,"z":-0.01090019941329956},"rotation":{"x":-0.4325289726257324,"y":-0.44779497385025027,"z":0.2657115161418915,"w":-0.7361313104629517},"size":0.9088723063468933,"orthographic":false}