{"cameraMode":{"drawMode":0,"name":"Shaded","section":"Shading Mode"},"sceneLighting":true,"audioPlay":false,"sceneViewState":{"showFog":true,"showMaterialUpdate":false,"showSkybox":true,"showFlares":true,"showImageEffects":true,"showParticleSystems":true},"in2DMode":false,"pivot":{"x":591.1565551757813,"y":476.45361328125,"z":17.366973876953126},"rotation":{"x":-0.07055728882551193,"y":0.9282616972923279,"z":-0.28136754035949709,"w":-0.23277613520622254},"size":6.376668453216553,"orthographic":false}