{"cameraMode":{"drawMode":0,"name":"Shaded","section":"Shading Mode"},"sceneLighting":false,"audioPlay":false,"sceneViewState":{"showFog":true,"showMaterialUpdate":false,"showSkybox":false,"showFlares":true,"showImageEffects":true,"showParticleSystems":true},"in2DMode":false,"pivot":{"x":-0.2583790123462677,"y":2.453009605407715,"z":-0.6550555229187012},"rotation":{"x":-0.0024325784761458637,"y":-0.9806395769119263,"z":0.19552740454673768,"w":-0.0120954979211092},"size":3.7150814533233644,"orthographic":false}