{"cameraMode":{"drawMode":0,"name":"Shaded","section":"Shading Mode"},"sceneLighting":true,"audioPlay":false,"sceneViewState":{"showFog":true,"showMaterialUpdate":false,"showSkybox":true,"showFlares":true,"showImageEffects":true,"showParticleSystems":true},"in2DMode":false,"pivot":{"x":155.9334716796875,"y":-3.029438018798828,"z":139.5225372314453},"rotation":{"x":-0.4587564468383789,"y":-0.28769513964653017,"z":0.15991023182868958,"w":-0.8253507614135742},"size":32.168190002441409,"orthographic":false}