{"cameraMode":{"drawMode":0,"name":"Shaded","section":"Shading Mode"},"sceneLighting":false,"audioPlay":false,"sceneViewState":{"showFog":true,"showMaterialUpdate":false,"showSkybox":false,"showFlares":true,"showImageEffects":true,"showParticleSystems":true},"in2DMode":false,"pivot":{"x":-0.009405016899108887,"y":0.274630606174469,"z":-0.00423121452331543},"rotation":{"x":-0.32661697268486025,"y":0.5950716733932495,"z":-0.2876802980899811,"w":-0.6756151914596558},"size":0.7610606551170349,"orthographic":false}