{"cameraMode":{"drawMode":0,"name":"Shaded","section":"Shading Mode"},"sceneLighting":true,"audioPlay":false,"sceneViewState":{"showFog":true,"showMaterialUpdate":false,"showSkybox":true,"showFlares":true,"showImageEffects":true,"showParticleSystems":true},"in2DMode":false,"pivot":{"x":-12.479918479919434,"y":-8.173247337341309,"z":10.419281005859375},"rotation":{"x":-0.2795538008213043,"y":0.48536035418510439,"z":-0.1672302782535553,"w":-0.8113644123077393},"size":13.422320365905762,"orthographic":false}