{"cameraMode":{"drawMode":0,"name":"Shaded","section":"Shading Mode"},"sceneLighting":true,"audioPlay":false,"sceneViewState":{"showFog":true,"showMaterialUpdate":false,"showSkybox":true,"showFlares":true,"showImageEffects":true,"showParticleSystems":true},"in2DMode":false,"pivot":{"x":21.530914306640626,"y":2.7833786010742189,"z":40.114383697509769},"rotation":{"x":-0.32661697268486025,"y":0.5950716733932495,"z":-0.2876802980899811,"w":-0.6756151914596558},"size":9.817577362060547,"orthographic":false}